,Frame,Slot,Type,0,1,2,3,4,5,6,7,8,9
0,0,0,DL,0,0,0,0,0,0,0,0,0,0
1,0,0,DL,0,0,0,0,0,0,0,0,0,0
2,0,0,DL,0,0,0,0,0,0,0,0,0,0
3,0,0,DL,0,0,0,0,0,0,0,0,0,0
4,0,0,DL,0,0,0,0,0,0,0,0,0,0
5,0,0,DL,0,0,0,0,0,0,0,0,0,0
6,0,0,DL,0,0,0,0,0,0,0,0,0,0
7,0,0,DL,0,0,0,0,0,0,0,0,0,0
8,0,0,DL,0,0,0,0,0,0,0,0,0,0
9,0,0,DL,0,0,0,0,0,0,0,0,0,0
10,0,0,DL,0,0,0,0,0,0,0,0,0,0
11,0,0,DL,0,0,0,0,0,0,0,0,0,0
12,0,0,DL,0,0,0,0,0,0,0,0,0,0
13,0,0,DL,0,0,0,0,0,0,0,0,0,0
14,0,1,DL,1,2,3,4,5,1,2,3,4,5
15,0,1,DL,1,2,3,4,5,1,2,3,4,5
16,0,1,DL,1,2,3,4,5,1,2,3,4,5
17,0,1,DL,1,2,3,4,5,1,2,3,4,5
18,0,1,DL,1,2,3,4,5,1,2,3,4,5
19,0,1,DL,1,2,3,4,5,1,2,3,4,5
20,0,1,DL,1,2,3,4,5,1,2,3,4,5
21,0,1,DL,1,2,3,4,5,1,2,3,4,5
22,0,1,DL,1,2,3,4,5,1,2,3,4,5
23,0,1,DL,1,2,3,4,5,1,2,3,4,5
24,0,1,DL,1,2,3,4,5,1,2,3,4,5
25,0,1,DL,1,2,3,4,5,1,2,3,4,5
26,0,1,DL,1,2,3,4,5,1,2,3,4,5
27,0,1,DL,1,2,3,4,5,1,2,3,4,5
28,0,2,DL,1,2,3,4,5,1,2,3,4,5
29,0,2,DL,1,2,3,4,5,1,2,3,4,5
30,0,2,DL,1,2,3,4,5,1,2,3,4,5
31,0,2,DL,1,2,3,4,5,1,2,3,4,5
32,0,2,DL,1,2,3,4,5,1,2,3,4,5
33,0,2,DL,1,2,3,4,5,1,2,3,4,5
34,0,2,DL,1,2,3,4,5,1,2,3,4,5
35,0,2,DL,0,0,0,0,0,0,0,0,0,0
36,0,2,G,0,0,0,0,0,0,0,0,0,0
37,0,2,G,0,0,0,0,0,0,0,0,0,0
38,0,2,UL,0,0,0,0,0,0,0,0,0,0
39,0,2,UL,0,0,0,0,0,0,0,0,0,0
40,0,2,UL,0,0,0,0,0,0,0,0,0,0
41,0,2,UL,0,0,0,0,0,0,0,0,0,0
42,0,3,UL,0,0,0,0,0,0,0,0,0,0
43,0,3,UL,0,0,0,0,0,0,0,0,0,0
44,0,3,UL,0,0,0,0,0,0,0,0,0,0
45,0,3,UL,0,0,0,0,0,0,0,0,0,0
46,0,3,UL,0,0,0,0,0,0,0,0,0,0
47,0,3,UL,0,0,0,0,0,0,0,0,0,0
48,0,3,UL,0,0,0,0,0,0,0,0,0,0
49,0,3,UL,0,0,0,0,0,0,0,0,0,0
50,0,3,UL,0,0,0,0,0,0,0,0,0,0
51,0,3,UL,0,0,0,0,0,0,0,0,0,0
52,0,3,UL,0,0,0,0,0,0,0,0,0,0
53,0,3,UL,0,0,0,0,0,0,0,0,0,0
54,0,3,UL,0,0,0,0,0,0,0,0,0,0
55,0,3,UL,0,0,0,0,0,0,0,0,0,0
56,0,4,UL,0,0,0,0,0,0,0,0,0,0
57,0,4,UL,0,0,0,0,0,0,0,0,0,0
58,0,4,UL,0,0,0,0,0,0,0,0,0,0
59,0,4,UL,0,0,0,0,0,0,0,0,0,0
60,0,4,UL,0,0,0,0,0,0,0,0,0,0
61,0,4,UL,0,0,0,0,0,0,0,0,0,0
62,0,4,UL,0,0,0,0,0,0,0,0,0,0
63,0,4,UL,0,0,0,0,0,0,0,0,0,0
64,0,4,UL,0,0,0,0,0,0,0,0,0,0
65,0,4,UL,0,0,0,0,0,0,0,0,0,0
66,0,4,UL,0,0,0,0,0,0,0,0,0,0
67,0,4,UL,0,0,0,0,0,0,0,0,0,0
68,0,4,UL,0,0,0,0,0,0,0,0,0,0
69,0,4,UL,0,0,0,0,0,0,0,0,0,0
70,0,5,DL,1,2,3,4,5,1,2,3,4,5
71,0,5,DL,1,2,3,4,5,1,2,3,4,5
72,0,5,DL,1,2,3,4,5,1,2,3,4,5
73,0,5,DL,1,2,3,4,5,1,2,3,4,5
74,0,5,DL,1,2,3,4,5,1,2,3,4,5
75,0,5,DL,1,2,3,4,5,1,2,3,4,5
76,0,5,DL,1,2,3,4,5,1,2,3,4,5
77,0,5,DL,1,2,3,4,5,1,2,3,4,5
78,0,5,DL,1,2,3,4,5,1,2,3,4,5
79,0,5,DL,1,2,3,4,5,1,2,3,4,5
80,0,5,DL,1,2,3,4,5,1,2,3,4,5
81,0,5,DL,1,2,3,4,5,1,2,3,4,5
82,0,5,DL,1,2,3,4,5,1,2,3,4,5
83,0,5,DL,1,2,3,4,5,1,2,3,4,5
84,0,6,DL,4,4,3,3,5,5,1,1,2,2
85,0,6,DL,4,4,3,3,5,5,1,1,2,2
86,0,6,DL,4,4,3,3,5,5,1,1,2,2
87,0,6,DL,4,4,3,3,5,5,1,1,2,2
88,0,6,DL,4,4,3,3,5,5,1,1,2,2
89,0,6,DL,4,4,3,3,5,5,1,1,2,2
90,0,6,DL,4,4,3,3,5,5,1,1,2,2
91,0,6,DL,3,3,2,2,4,4,5,5,1,1
92,0,6,DL,3,3,2,2,4,4,5,5,1,1
93,0,6,DL,3,3,2,2,4,4,5,5,1,1
94,0,6,DL,3,3,2,2,4,4,5,5,1,1
95,0,6,DL,3,3,2,2,4,4,5,5,1,1
96,0,6,DL,3,3,2,2,4,4,5,5,1,1
97,0,6,DL,3,3,2,2,4,4,5,5,1,1
98,0,7,DL,1,2,3,4,5,1,2,3,4,5
99,0,7,DL,1,2,3,4,5,1,2,3,4,5
100,0,7,DL,1,2,3,4,5,1,2,3,4,5
101,0,7,DL,1,2,3,4,5,1,2,3,4,5
102,0,7,DL,1,2,3,4,5,1,2,3,4,5
103,0,7,DL,1,2,3,4,5,1,2,3,4,5
104,0,7,DL,1,2,3,4,5,1,2,3,4,5
105,0,7,DL,0,0,0,0,0,0,0,0,0,0
106,0,7,G,0,0,0,0,0,0,0,0,0,0
107,0,7,G,0,0,0,0,0,0,0,0,0,0
108,0,7,UL,1,2,3,4,5,1,2,3,4,5
109,0,7,UL,1,2,3,4,5,1,2,3,4,5
110,0,7,UL,1,2,3,4,5,1,2,3,4,5
111,0,7,UL,1,2,3,4,5,1,2,3,4,5
112,0,8,UL,1,2,3,4,5,1,2,3,4,5
113,0,8,UL,1,2,3,4,5,1,2,3,4,5
114,0,8,UL,1,2,3,4,5,1,2,3,4,5
115,0,8,UL,1,2,3,4,5,1,2,3,4,5
116,0,8,UL,1,2,3,4,5,1,2,3,4,5
117,0,8,UL,1,2,3,4,5,1,2,3,4,5
118,0,8,UL,1,2,3,4,5,1,2,3,4,5
119,0,8,UL,1,2,3,4,5,1,2,3,4,5
120,0,8,UL,1,2,3,4,5,1,2,3,4,5
121,0,8,UL,1,2,3,4,5,1,2,3,4,5
122,0,8,UL,1,2,3,4,5,1,2,3,4,5
123,0,8,UL,1,2,3,4,5,1,2,3,4,5
124,0,8,UL,1,2,3,4,5,1,2,3,4,5
125,0,8,UL,1,2,3,4,5,1,2,3,4,5
126,0,9,UL,1,2,3,4,5,1,2,3,4,5
127,0,9,UL,1,2,3,4,5,1,2,3,4,5
128,0,9,UL,1,2,3,4,5,1,2,3,4,5
129,0,9,UL,1,2,3,4,5,1,2,3,4,5
130,0,9,UL,1,2,3,4,5,1,2,3,4,5
131,0,9,UL,1,2,3,4,5,1,2,3,4,5
132,0,9,UL,1,2,3,4,5,1,2,3,4,5
133,0,9,UL,1,2,3,4,5,1,2,3,4,5
134,0,9,UL,1,2,3,4,5,1,2,3,4,5
135,0,9,UL,1,2,3,4,5,1,2,3,4,5
136,0,9,UL,1,2,3,4,5,1,2,3,4,5
137,0,9,UL,1,2,3,4,5,1,2,3,4,5
138,0,9,UL,1,2,3,4,5,1,2,3,4,5
139,0,9,UL,1,2,3,4,5,1,2,3,4,5
140,1,0,DL,1,2,3,4,5,1,2,3,4,5
141,1,0,DL,1,2,3,4,5,1,2,3,4,5
142,1,0,DL,1,2,3,4,5,1,2,3,4,5
143,1,0,DL,1,2,3,4,5,1,2,3,4,5
144,1,0,DL,1,2,3,4,5,1,2,3,4,5
145,1,0,DL,1,2,3,4,5,1,2,3,4,5
146,1,0,DL,1,2,3,4,5,1,2,3,4,5
147,1,0,DL,1,2,3,4,5,1,2,3,4,5
148,1,0,DL,1,2,3,4,5,1,2,3,4,5
149,1,0,DL,1,2,3,4,5,1,2,3,4,5
150,1,0,DL,1,2,3,4,5,1,2,3,4,5
151,1,0,DL,1,2,3,4,5,1,2,3,4,5
152,1,0,DL,1,2,3,4,5,1,2,3,4,5
153,1,0,DL,1,2,3,4,5,1,2,3,4,5
154,1,1,DL,4,4,3,3,2,2,1,1,5,5
155,1,1,DL,4,4,3,3,2,2,1,1,5,5
156,1,1,DL,4,4,3,3,2,2,1,1,5,5
157,1,1,DL,4,4,3,3,2,2,1,1,5,5
158,1,1,DL,4,4,3,3,2,2,1,1,5,5
159,1,1,DL,4,4,3,3,2,2,1,1,5,5
160,1,1,DL,4,4,3,3,2,2,1,1,5,5
161,1,1,DL,1,1,2,2,5,5,4,4,3,3
162,1,1,DL,1,1,2,2,5,5,4,4,3,3
163,1,1,DL,1,1,2,2,5,5,4,4,3,3
164,1,1,DL,1,1,2,2,5,5,4,4,3,3
165,1,1,DL,1,1,2,2,5,5,4,4,3,3
166,1,1,DL,1,1,2,2,5,5,4,4,3,3
167,1,1,DL,1,1,2,2,5,5,4,4,3,3
168,1,2,DL,5,5,1,1,4,4,3,3,2,2
169,1,2,DL,5,5,1,1,4,4,3,3,2,2
170,1,2,DL,5,5,1,1,4,4,3,3,2,2
171,1,2,DL,5,5,1,1,4,4,3,3,2,2
172,1,2,DL,5,5,1,1,4,4,3,3,2,2
173,1,2,DL,5,5,1,1,4,4,3,3,2,2
174,1,2,DL,5,5,1,1,4,4,3,3,2,2
175,1,2,DL,0,0,0,0,0,0,0,0,0,0
176,1,2,G,0,0,0,0,0,0,0,0,0,0
177,1,2,G,0,0,0,0,0,0,0,0,0,0
178,1,2,UL,3,3,3,2,2,2,1,1,1,4
179,1,2,UL,3,3,3,2,2,2,1,1,1,4
180,1,2,UL,3,3,3,2,2,2,1,1,1,4
181,1,2,UL,3,3,3,2,2,2,1,1,1,4
182,1,3,UL,5,5,3,3,4,4,2,2,1,1
183,1,3,UL,5,5,3,3,4,4,2,2,1,1
184,1,3,UL,5,5,3,3,4,4,2,2,1,1
185,1,3,UL,5,5,3,3,4,4,2,2,1,1
186,1,3,UL,5,5,3,3,4,4,2,2,1,1
187,1,3,UL,5,5,3,3,4,4,2,2,1,1
188,1,3,UL,5,5,3,3,4,4,2,2,1,1
189,1,3,UL,5,5,4,4,1,2,3,1,2,3
190,1,3,UL,5,5,4,4,1,2,3,1,2,3
191,1,3,UL,5,5,4,4,1,2,3,1,2,3
192,1,3,UL,5,5,4,4,1,2,3,1,2,3
193,1,3,UL,5,5,4,4,1,2,3,1,2,3
194,1,3,UL,5,5,4,4,1,2,3,1,2,3
195,1,3,UL,5,5,4,4,1,2,3,1,2,3
196,1,4,UL,4,5,1,2,3,4,5,1,2,3
197,1,4,UL,4,5,1,2,3,4,5,1,2,3
198,1,4,UL,4,5,1,2,3,4,5,1,2,3
199,1,4,UL,4,5,1,2,3,4,5,1,2,3
200,1,4,UL,4,5,1,2,3,4,5,1,2,3
201,1,4,UL,4,5,1,2,3,4,5,1,2,3
202,1,4,UL,4,5,1,2,3,4,5,1,2,3
203,1,4,UL,4,5,1,2,3,4,5,1,2,3
204,1,4,UL,4,5,1,2,3,4,5,1,2,3
205,1,4,UL,4,5,1,2,3,4,5,1,2,3
206,1,4,UL,4,5,1,2,3,4,5,1,2,3
207,1,4,UL,4,5,1,2,3,4,5,1,2,3
208,1,4,UL,4,5,1,2,3,4,5,1,2,3
209,1,4,UL,4,5,1,2,3,4,5,1,2,3
210,1,5,DL,3,3,4,4,2,2,1,1,5,5
211,1,5,DL,3,3,4,4,2,2,1,1,5,5
212,1,5,DL,3,3,4,4,2,2,1,1,5,5
213,1,5,DL,3,3,4,4,2,2,1,1,5,5
214,1,5,DL,3,3,4,4,2,2,1,1,5,5
215,1,5,DL,3,3,4,4,2,2,1,1,5,5
216,1,5,DL,3,3,4,4,2,2,1,1,5,5
217,1,5,DL,1,2,3,4,5,1,2,3,4,5
218,1,5,DL,1,2,3,4,5,1,2,3,4,5
219,1,5,DL,1,2,3,4,5,1,2,3,4,5
220,1,5,DL,1,2,3,4,5,1,2,3,4,5
221,1,5,DL,1,2,3,4,5,1,2,3,4,5
222,1,5,DL,1,2,3,4,5,1,2,3,4,5
223,1,5,DL,1,2,3,4,5,1,2,3,4,5
224,1,6,DL,4,4,3,3,5,5,2,2,1,1
225,1,6,DL,4,4,3,3,5,5,2,2,1,1
226,1,6,DL,4,4,3,3,5,5,2,2,1,1
227,1,6,DL,4,4,3,3,5,5,2,2,1,1
228,1,6,DL,4,4,3,3,5,5,2,2,1,1
229,1,6,DL,4,4,3,3,5,5,2,2,1,1
230,1,6,DL,4,4,3,3,5,5,2,2,1,1
231,1,6,DL,3,3,1,1,5,5,4,4,2,2
232,1,6,DL,3,3,1,1,5,5,4,4,2,2
233,1,6,DL,3,3,1,1,5,5,4,4,2,2
234,1,6,DL,3,3,1,1,5,5,4,4,2,2
235,1,6,DL,3,3,1,1,5,5,4,4,2,2
236,1,6,DL,3,3,1,1,5,5,4,4,2,2
237,1,6,DL,3,3,1,1,5,5,4,4,2,2
238,1,7,DL,2,2,1,1,3,3,5,5,4,4
239,1,7,DL,2,2,1,1,3,3,5,5,4,4
240,1,7,DL,2,2,1,1,3,3,5,5,4,4
241,1,7,DL,2,2,1,1,3,3,5,5,4,4
242,1,7,DL,2,2,1,1,3,3,5,5,4,4
243,1,7,DL,2,2,1,1,3,3,5,5,4,4
244,1,7,DL,2,2,1,1,3,3,5,5,4,4
245,1,7,DL,0,0,0,0,0,0,0,0,0,0
246,1,7,G,0,0,0,0,0,0,0,0,0,0
247,1,7,G,0,0,0,0,0,0,0,0,0,0
248,1,7,UL,3,3,3,4,4,4,2,2,2,5
249,1,7,UL,3,3,3,4,4,4,2,2,2,5
250,1,7,UL,3,3,3,4,4,4,2,2,2,5
251,1,7,UL,3,3,3,4,4,4,2,2,2,5
252,1,8,UL,4,4,3,3,2,2,1,1,5,5
253,1,8,UL,4,4,3,3,2,2,1,1,5,5
254,1,8,UL,4,4,3,3,2,2,1,1,5,5
255,1,8,UL,4,4,3,3,2,2,1,1,5,5
256,1,8,UL,4,4,3,3,2,2,1,1,5,5
257,1,8,UL,4,4,3,3,2,2,1,1,5,5
258,1,8,UL,4,4,3,3,2,2,1,1,5,5
259,1,8,UL,1,1,4,4,2,2,5,5,3,3
260,1,8,UL,1,1,4,4,2,2,5,5,3,3
261,1,8,UL,1,1,4,4,2,2,5,5,3,3
262,1,8,UL,1,1,4,4,2,2,5,5,3,3
263,1,8,UL,1,1,4,4,2,2,5,5,3,3
264,1,8,UL,1,1,4,4,2,2,5,5,3,3
265,1,8,UL,1,1,4,4,2,2,5,5,3,3
266,1,9,UL,1,1,5,5,2,3,4,2,3,4
267,1,9,UL,1,1,5,5,2,3,4,2,3,4
268,1,9,UL,1,1,5,5,2,3,4,2,3,4
269,1,9,UL,1,1,5,5,2,3,4,2,3,4
270,1,9,UL,1,1,5,5,2,3,4,2,3,4
271,1,9,UL,1,1,5,5,2,3,4,2,3,4
272,1,9,UL,1,1,5,5,2,3,4,2,3,4
273,1,9,UL,5,1,2,3,4,5,1,2,3,4
274,1,9,UL,5,1,2,3,4,5,1,2,3,4
275,1,9,UL,5,1,2,3,4,5,1,2,3,4
276,1,9,UL,5,1,2,3,4,5,1,2,3,4
277,1,9,UL,5,1,2,3,4,5,1,2,3,4
278,1,9,UL,5,1,2,3,4,5,1,2,3,4
279,1,9,UL,5,1,2,3,4,5,1,2,3,4
280,2,0,DL,5,5,3,3,2,2,1,1,4,4
281,2,0,DL,5,5,3,3,2,2,1,1,4,4
282,2,0,DL,5,5,3,3,2,2,1,1,4,4
283,2,0,DL,5,5,3,3,2,2,1,1,4,4
284,2,0,DL,5,5,3,3,2,2,1,1,4,4
285,2,0,DL,5,5,3,3,2,2,1,1,4,4
286,2,0,DL,5,5,3,3,2,2,1,1,4,4
287,2,0,DL,1,2,3,4,5,1,2,3,4,5
288,2,0,DL,1,2,3,4,5,1,2,3,4,5
289,2,0,DL,1,2,3,4,5,1,2,3,4,5
290,2,0,DL,1,2,3,4,5,1,2,3,4,5
291,2,0,DL,1,2,3,4,5,1,2,3,4,5
292,2,0,DL,1,2,3,4,5,1,2,3,4,5
293,2,0,DL,1,2,3,4,5,1,2,3,4,5
294,2,1,DL,5,5,2,2,3,3,1,1,4,4
295,2,1,DL,5,5,2,2,3,3,1,1,4,4
296,2,1,DL,5,5,2,2,3,3,1,1,4,4
297,2,1,DL,5,5,2,2,3,3,1,1,4,4
298,2,1,DL,5,5,2,2,3,3,1,1,4,4
299,2,1,DL,5,5,2,2,3,3,1,1,4,4
300,2,1,DL,5,5,2,2,3,3,1,1,4,4
301,2,1,DL,4,4,3,3,1,1,2,2,5,5
302,2,1,DL,4,4,3,3,1,1,2,2,5,5
303,2,1,DL,4,4,3,3,1,1,2,2,5,5
304,2,1,DL,4,4,3,3,1,1,2,2,5,5
305,2,1,DL,4,4,3,3,1,1,2,2,5,5
306,2,1,DL,4,4,3,3,1,1,2,2,5,5
307,2,1,DL,4,4,3,3,1,1,2,2,5,5
308,2,2,DL,1,1,4,4,5,5,2,2,3,3
309,2,2,DL,1,1,4,4,5,5,2,2,3,3
310,2,2,DL,1,1,4,4,5,5,2,2,3,3
311,2,2,DL,1,1,4,4,5,5,2,2,3,3
312,2,2,DL,1,1,4,4,5,5,2,2,3,3
313,2,2,DL,1,1,4,4,5,5,2,2,3,3
314,2,2,DL,1,1,4,4,5,5,2,2,3,3
315,2,2,DL,0,0,0,0,0,0,0,0,0,0
316,2,2,G,0,0,0,0,0,0,0,0,0,0
317,2,2,G,0,0,0,0,0,0,0,0,0,0
318,2,2,UL,2,2,2,4,4,4,3,3,3,5
319,2,2,UL,2,2,2,4,4,4,3,3,3,5
320,2,2,UL,2,2,2,4,4,4,3,3,3,5
321,2,2,UL,2,2,2,4,4,4,3,3,3,5
322,2,3,UL,4,4,2,2,1,1,5,5,3,3
323,2,3,UL,4,4,2,2,1,1,5,5,3,3
324,2,3,UL,4,4,2,2,1,1,5,5,3,3
325,2,3,UL,4,4,2,2,1,1,5,5,3,3
326,2,3,UL,4,4,2,2,1,1,5,5,3,3
327,2,3,UL,4,4,2,2,1,1,5,5,3,3
328,2,3,UL,4,4,2,2,1,1,5,5,3,3
329,2,3,UL,5,5,2,2,1,1,4,4,3,3
330,2,3,UL,5,5,2,2,1,1,4,4,3,3
331,2,3,UL,5,5,2,2,1,1,4,4,3,3
332,2,3,UL,5,5,2,2,1,1,4,4,3,3
333,2,3,UL,5,5,2,2,1,1,4,4,3,3
334,2,3,UL,5,5,2,2,1,1,4,4,3,3
335,2,3,UL,5,5,2,2,1,1,4,4,3,3
336,2,4,UL,3,3,5,5,2,2,1,1,4,4
337,2,4,UL,3,3,5,5,2,2,1,1,4,4
338,2,4,UL,3,3,5,5,2,2,1,1,4,4
339,2,4,UL,3,3,5,5,2,2,1,1,4,4
340,2,4,UL,3,3,5,5,2,2,1,1,4,4
341,2,4,UL,3,3,5,5,2,2,1,1,4,4
342,2,4,UL,3,3,5,5,2,2,1,1,4,4
343,2,4,UL,1,2,3,4,5,1,2,3,4,5
344,2,4,UL,1,2,3,4,5,1,2,3,4,5
345,2,4,UL,1,2,3,4,5,1,2,3,4,5
346,2,4,UL,1,2,3,4,5,1,2,3,4,5
347,2,4,UL,1,2,3,4,5,1,2,3,4,5
348,2,4,UL,1,2,3,4,5,1,2,3,4,5
349,2,4,UL,1,2,3,4,5,1,2,3,4,5
350,2,5,DL,1,1,4,5,2,3,4,5,2,3
351,2,5,DL,1,1,4,5,2,3,4,5,2,3
352,2,5,DL,1,1,4,5,2,3,4,5,2,3
353,2,5,DL,1,1,4,5,2,3,4,5,2,3
354,2,5,DL,1,1,4,5,2,3,4,5,2,3
355,2,5,DL,1,1,4,5,2,3,4,5,2,3
356,2,5,DL,1,1,4,5,2,3,4,5,2,3
357,2,5,DL,4,5,1,2,3,4,5,1,2,3
358,2,5,DL,4,5,1,2,3,4,5,1,2,3
359,2,5,DL,4,5,1,2,3,4,5,1,2,3
360,2,5,DL,4,5,1,2,3,4,5,1,2,3
361,2,5,DL,4,5,1,2,3,4,5,1,2,3
362,2,5,DL,4,5,1,2,3,4,5,1,2,3
363,2,5,DL,4,5,1,2,3,4,5,1,2,3
364,2,6,DL,1,1,4,4,3,3,5,5,2,2
365,2,6,DL,1,1,4,4,3,3,5,5,2,2
366,2,6,DL,1,1,4,4,3,3,5,5,2,2
367,2,6,DL,1,1,4,4,3,3,5,5,2,2
368,2,6,DL,1,1,4,4,3,3,5,5,2,2
369,2,6,DL,1,1,4,4,3,3,5,5,2,2
370,2,6,DL,1,1,4,4,3,3,5,5,2,2
371,2,6,DL,4,4,3,3,2,2,5,1,5,1
372,2,6,DL,4,4,3,3,2,2,5,1,5,1
373,2,6,DL,4,4,3,3,2,2,5,1,5,1
374,2,6,DL,4,4,3,3,2,2,5,1,5,1
375,2,6,DL,4,4,3,3,2,2,5,1,5,1
376,2,6,DL,4,4,3,3,2,2,5,1,5,1
377,2,6,DL,4,4,3,3,2,2,5,1,5,1
378,2,7,DL,3,3,2,4,5,1,2,4,5,1
379,2,7,DL,3,3,2,4,5,1,2,4,5,1
380,2,7,DL,3,3,2,4,5,1,2,4,5,1
381,2,7,DL,3,3,2,4,5,1,2,4,5,1
382,2,7,DL,3,3,2,4,5,1,2,4,5,1
383,2,7,DL,3,3,2,4,5,1,2,4,5,1
384,2,7,DL,3,3,2,4,5,1,2,4,5,1
385,2,7,DL,0,0,0,0,0,0,0,0,0,0
386,2,7,G,0,0,0,0,0,0,0,0,0,0
387,2,7,G,0,0,0,0,0,0,0,0,0,0
388,2,7,UL,1,1,1,3,3,3,2,2,2,4
389,2,7,UL,1,1,1,3,3,3,2,2,2,4
390,2,7,UL,1,1,1,3,3,3,2,2,2,4
391,2,7,UL,1,1,1,3,3,3,2,2,2,4
392,2,8,UL,5,5,3,3,2,2,4,4,1,1
393,2,8,UL,5,5,3,3,2,2,4,4,1,1
394,2,8,UL,5,5,3,3,2,2,4,4,1,1
395,2,8,UL,5,5,3,3,2,2,4,4,1,1
396,2,8,UL,5,5,3,3,2,2,4,4,1,1
397,2,8,UL,5,5,3,3,2,2,4,4,1,1
398,2,8,UL,5,5,3,3,2,2,4,4,1,1
399,2,8,UL,4,4,2,3,5,1,2,3,5,1
400,2,8,UL,4,4,2,3,5,1,2,3,5,1
401,2,8,UL,4,4,2,3,5,1,2,3,5,1
402,2,8,UL,4,4,2,3,5,1,2,3,5,1
403,2,8,UL,4,4,2,3,5,1,2,3,5,1
404,2,8,UL,4,4,2,3,5,1,2,3,5,1
405,2,8,UL,4,4,2,3,5,1,2,3,5,1
406,2,9,UL,2,3,4,5,1,2,3,4,5,1
407,2,9,UL,2,3,4,5,1,2,3,4,5,1
408,2,9,UL,2,3,4,5,1,2,3,4,5,1
409,2,9,UL,2,3,4,5,1,2,3,4,5,1
410,2,9,UL,2,3,4,5,1,2,3,4,5,1
411,2,9,UL,2,3,4,5,1,2,3,4,5,1
412,2,9,UL,2,3,4,5,1,2,3,4,5,1
413,2,9,UL,2,3,4,5,1,2,3,4,5,1
414,2,9,UL,2,3,4,5,1,2,3,4,5,1
415,2,9,UL,2,3,4,5,1,2,3,4,5,1
416,2,9,UL,2,3,4,5,1,2,3,4,5,1
417,2,9,UL,2,3,4,5,1,2,3,4,5,1
418,2,9,UL,2,3,4,5,1,2,3,4,5,1
419,2,9,UL,2,3,4,5,1,2,3,4,5,1
420,3,0,DL,3,3,2,4,5,1,2,4,5,1
421,3,0,DL,3,3,2,4,5,1,2,4,5,1
422,3,0,DL,3,3,2,4,5,1,2,4,5,1
423,3,0,DL,3,3,2,4,5,1,2,4,5,1
424,3,0,DL,3,3,2,4,5,1,2,4,5,1
425,3,0,DL,3,3,2,4,5,1,2,4,5,1
426,3,0,DL,3,3,2,4,5,1,2,4,5,1
427,3,0,DL,2,3,4,5,1,2,3,4,5,1
428,3,0,DL,2,3,4,5,1,2,3,4,5,1
429,3,0,DL,2,3,4,5,1,2,3,4,5,1
430,3,0,DL,2,3,4,5,1,2,3,4,5,1
431,3,0,DL,2,3,4,5,1,2,3,4,5,1
432,3,0,DL,2,3,4,5,1,2,3,4,5,1
433,3,0,DL,2,3,4,5,1,2,3,4,5,1
434,3,1,DL,1,1,4,4,2,2,3,3,5,5
435,3,1,DL,1,1,4,4,2,2,3,3,5,5
436,3,1,DL,1,1,4,4,2,2,3,3,5,5
437,3,1,DL,1,1,4,4,2,2,3,3,5,5
438,3,1,DL,1,1,4,4,2,2,3,3,5,5
439,3,1,DL,1,1,4,4,2,2,3,3,5,5
440,3,1,DL,1,1,4,4,2,2,3,3,5,5
441,3,1,DL,3,3,4,4,5,5,2,2,1,1
442,3,1,DL,3,3,4,4,5,5,2,2,1,1
443,3,1,DL,3,3,4,4,5,5,2,2,1,1
444,3,1,DL,3,3,4,4,5,5,2,2,1,1
445,3,1,DL,3,3,4,4,5,5,2,2,1,1
446,3,1,DL,3,3,4,4,5,5,2,2,1,1
447,3,1,DL,3,3,4,4,5,5,2,2,1,1
448,3,2,DL,5,5,2,3,4,1,2,3,4,1
449,3,2,DL,5,5,2,3,4,1,2,3,4,1
450,3,2,DL,5,5,2,3,4,1,2,3,4,1
451,3,2,DL,5,5,2,3,4,1,2,3,4,1
452,3,2,DL,5,5,2,3,4,1,2,3,4,1
453,3,2,DL,5,5,2,3,4,1,2,3,4,1
454,3,2,DL,5,5,2,3,4,1,2,3,4,1
455,3,2,DL,0,0,0,0,0,0,0,0,0,0
456,3,2,G,0,0,0,0,0,0,0,0,0,0
457,3,2,G,0,0,0,0,0,0,0,0,0,0
458,3,2,UL,3,3,3,1,1,1,5,5,5,2
459,3,2,UL,3,3,3,1,1,1,5,5,5,2
460,3,2,UL,3,3,3,1,1,1,5,5,5,2
461,3,2,UL,3,3,3,1,1,1,5,5,5,2
462,3,3,UL,1,1,3,3,2,2,4,4,5,5
463,3,3,UL,1,1,3,3,2,2,4,4,5,5
464,3,3,UL,1,1,3,3,2,2,4,4,5,5
465,3,3,UL,1,1,3,3,2,2,4,4,5,5
466,3,3,UL,1,1,3,3,2,2,4,4,5,5
467,3,3,UL,1,1,3,3,2,2,4,4,5,5
468,3,3,UL,1,1,3,3,2,2,4,4,5,5
469,3,3,UL,4,4,2,2,1,3,5,1,3,5
470,3,3,UL,4,4,2,2,1,3,5,1,3,5
471,3,3,UL,4,4,2,2,1,3,5,1,3,5
472,3,3,UL,4,4,2,2,1,3,5,1,3,5
473,3,3,UL,4,4,2,2,1,3,5,1,3,5
474,3,3,UL,4,4,2,2,1,3,5,1,3,5
475,3,3,UL,4,4,2,2,1,3,5,1,3,5
476,3,4,UL,1,2,3,4,5,1,2,3,4,5
477,3,4,UL,1,2,3,4,5,1,2,3,4,5
478,3,4,UL,1,2,3,4,5,1,2,3,4,5
479,3,4,UL,1,2,3,4,5,1,2,3,4,5
480,3,4,UL,1,2,3,4,5,1,2,3,4,5
481,3,4,UL,1,2,3,4,5,1,2,3,4,5
482,3,4,UL,1,2,3,4,5,1,2,3,4,5
483,3,4,UL,1,2,3,4,5,1,2,3,4,5
484,3,4,UL,1,2,3,4,5,1,2,3,4,5
485,3,4,UL,1,2,3,4,5,1,2,3,4,5
486,3,4,UL,1,2,3,4,5,1,2,3,4,5
487,3,4,UL,1,2,3,4,5,1,2,3,4,5
488,3,4,UL,1,2,3,4,5,1,2,3,4,5
489,3,4,UL,1,2,3,4,5,1,2,3,4,5
490,3,5,DL,2,3,4,5,1,2,3,4,5,1
491,3,5,DL,2,3,4,5,1,2,3,4,5,1
492,3,5,DL,2,3,4,5,1,2,3,4,5,1
493,3,5,DL,2,3,4,5,1,2,3,4,5,1
494,3,5,DL,2,3,4,5,1,2,3,4,5,1
495,3,5,DL,2,3,4,5,1,2,3,4,5,1
496,3,5,DL,2,3,4,5,1,2,3,4,5,1
497,3,5,DL,2,3,4,5,1,2,3,4,5,1
498,3,5,DL,2,3,4,5,1,2,3,4,5,1
499,3,5,DL,2,3,4,5,1,2,3,4,5,1
500,3,5,DL,2,3,4,5,1,2,3,4,5,1
501,3,5,DL,2,3,4,5,1,2,3,4,5,1
502,3,5,DL,2,3,4,5,1,2,3,4,5,1
503,3,5,DL,2,3,4,5,1,2,3,4,5,1
504,3,6,DL,4,4,1,1,5,5,3,3,2,2
505,3,6,DL,4,4,1,1,5,5,3,3,2,2
506,3,6,DL,4,4,1,1,5,5,3,3,2,2
507,3,6,DL,4,4,1,1,5,5,3,3,2,2
508,3,6,DL,4,4,1,1,5,5,3,3,2,2
509,3,6,DL,4,4,1,1,5,5,3,3,2,2
510,3,6,DL,4,4,1,1,5,5,3,3,2,2
511,3,6,DL,3,3,4,4,1,1,5,5,2,2
512,3,6,DL,3,3,4,4,1,1,5,5,2,2
513,3,6,DL,3,3,4,4,1,1,5,5,2,2
514,3,6,DL,3,3,4,4,1,1,5,5,2,2
515,3,6,DL,3,3,4,4,1,1,5,5,2,2
516,3,6,DL,3,3,4,4,1,1,5,5,2,2
517,3,6,DL,3,3,4,4,1,1,5,5,2,2
518,3,7,DL,1,1,4,4,2,2,5,5,3,3
519,3,7,DL,1,1,4,4,2,2,5,5,3,3
520,3,7,DL,1,1,4,4,2,2,5,5,3,3
521,3,7,DL,1,1,4,4,2,2,5,5,3,3
522,3,7,DL,1,1,4,4,2,2,5,5,3,3
523,3,7,DL,1,1,4,4,2,2,5,5,3,3
524,3,7,DL,1,1,4,4,2,2,5,5,3,3
525,3,7,DL,0,0,0,0,0,0,0,0,0,0
526,3,7,G,0,0,0,0,0,0,0,0,0,0
527,3,7,G,0,0,0,0,0,0,0,0,0,0
528,3,7,UL,3,3,3,4,4,4,2,2,2,1
529,3,7,UL,3,3,3,4,4,4,2,2,2,1
530,3,7,UL,3,3,3,4,4,4,2,2,2,1
531,3,7,UL,3,3,3,4,4,4,2,2,2,1
532,3,8,UL,1,1,3,3,5,5,4,4,2,2
533,3,8,UL,1,1,3,3,5,5,4,4,2,2
534,3,8,UL,1,1,3,3,5,5,4,4,2,2
535,3,8,UL,1,1,3,3,5,5,4,4,2,2
536,3,8,UL,1,1,3,3,5,5,4,4,2,2
537,3,8,UL,1,1,3,3,5,5,4,4,2,2
538,3,8,UL,1,1,3,3,5,5,4,4,2,2
539,3,8,UL,5,5,1,1,2,3,4,2,3,4
540,3,8,UL,5,5,1,1,2,3,4,2,3,4
541,3,8,UL,5,5,1,1,2,3,4,2,3,4
542,3,8,UL,5,5,1,1,2,3,4,2,3,4
543,3,8,UL,5,5,1,1,2,3,4,2,3,4
544,3,8,UL,5,5,1,1,2,3,4,2,3,4
545,3,8,UL,5,5,1,1,2,3,4,2,3,4
546,3,9,UL,1,1,5,5,2,3,4,2,3,4
547,3,9,UL,1,1,5,5,2,3,4,2,3,4
548,3,9,UL,1,1,5,5,2,3,4,2,3,4
549,3,9,UL,1,1,5,5,2,3,4,2,3,4
550,3,9,UL,1,1,5,5,2,3,4,2,3,4
551,3,9,UL,1,1,5,5,2,3,4,2,3,4
552,3,9,UL,1,1,5,5,2,3,4,2,3,4
553,3,9,UL,5,1,2,3,4,5,1,2,3,4
554,3,9,UL,5,1,2,3,4,5,1,2,3,4
555,3,9,UL,5,1,2,3,4,5,1,2,3,4
556,3,9,UL,5,1,2,3,4,5,1,2,3,4
557,3,9,UL,5,1,2,3,4,5,1,2,3,4
558,3,9,UL,5,1,2,3,4,5,1,2,3,4
559,3,9,UL,5,1,2,3,4,5,1,2,3,4
560,4,0,DL,4,4,2,2,3,5,1,3,5,1
561,4,0,DL,4,4,2,2,3,5,1,3,5,1
562,4,0,DL,4,4,2,2,3,5,1,3,5,1
563,4,0,DL,4,4,2,2,3,5,1,3,5,1
564,4,0,DL,4,4,2,2,3,5,1,3,5,1
565,4,0,DL,4,4,2,2,3,5,1,3,5,1
566,4,0,DL,4,4,2,2,3,5,1,3,5,1
567,4,0,DL,2,3,4,5,1,2,3,4,5,1
568,4,0,DL,2,3,4,5,1,2,3,4,5,1
569,4,0,DL,2,3,4,5,1,2,3,4,5,1
570,4,0,DL,2,3,4,5,1,2,3,4,5,1
571,4,0,DL,2,3,4,5,1,2,3,4,5,1
572,4,0,DL,2,3,4,5,1,2,3,4,5,1
573,4,0,DL,2,3,4,5,1,2,3,4,5,1
574,4,1,DL,1,1,5,5,3,3,4,4,2,2
575,4,1,DL,1,1,5,5,3,3,4,4,2,2
576,4,1,DL,1,1,5,5,3,3,4,4,2,2
577,4,1,DL,1,1,5,5,3,3,4,4,2,2
578,4,1,DL,1,1,5,5,3,3,4,4,2,2
579,4,1,DL,1,1,5,5,3,3,4,4,2,2
580,4,1,DL,1,1,5,5,3,3,4,4,2,2
581,4,1,DL,2,2,1,1,4,4,3,3,5,5
582,4,1,DL,2,2,1,1,4,4,3,3,5,5
583,4,1,DL,2,2,1,1,4,4,3,3,5,5
584,4,1,DL,2,2,1,1,4,4,3,3,5,5
585,4,1,DL,2,2,1,1,4,4,3,3,5,5
586,4,1,DL,2,2,1,1,4,4,3,3,5,5
587,4,1,DL,2,2,1,1,4,4,3,3,5,5
588,4,2,DL,2,2,3,3,1,1,4,4,5,5
589,4,2,DL,2,2,3,3,1,1,4,4,5,5
590,4,2,DL,2,2,3,3,1,1,4,4,5,5
591,4,2,DL,2,2,3,3,1,1,4,4,5,5
592,4,2,DL,2,2,3,3,1,1,4,4,5,5
593,4,2,DL,2,2,3,3,1,1,4,4,5,5
594,4,2,DL,2,2,3,3,1,1,4,4,5,5
595,4,2,DL,0,0,0,0,0,0,0,0,0,0
596,4,2,G,0,0,0,0,0,0,0,0,0,0
597,4,2,G,0,0,0,0,0,0,0,0,0,0
598,4,2,UL,3,3,3,1,1,1,2,2,2,5
599,4,2,UL,3,3,3,1,1,1,2,2,2,5
600,4,2,UL,3,3,3,1,1,1,2,2,2,5
601,4,2,UL,3,3,3,1,1,1,2,2,2,5
602,4,3,UL,2,2,3,3,4,4,5,5,1,1
603,4,3,UL,2,2,3,3,4,4,5,5,1,1
604,4,3,UL,2,2,3,3,4,4,5,5,1,1
605,4,3,UL,2,2,3,3,4,4,5,5,1,1
606,4,3,UL,2,2,3,3,4,4,5,5,1,1
607,4,3,UL,2,2,3,3,4,4,5,5,1,1
608,4,3,UL,2,2,3,3,4,4,5,5,1,1
609,4,3,UL,1,1,4,4,5,5,2,2,3,3
610,4,3,UL,1,1,4,4,5,5,2,2,3,3
611,4,3,UL,1,1,4,4,5,5,2,2,3,3
612,4,3,UL,1,1,4,4,5,5,2,2,3,3
613,4,3,UL,1,1,4,4,5,5,2,2,3,3
614,4,3,UL,1,1,4,4,5,5,2,2,3,3
615,4,3,UL,1,1,4,4,5,5,2,2,3,3
616,4,4,UL,5,5,4,4,1,2,3,1,2,3
617,4,4,UL,5,5,4,4,1,2,3,1,2,3
618,4,4,UL,5,5,4,4,1,2,3,1,2,3
619,4,4,UL,5,5,4,4,1,2,3,1,2,3
620,4,4,UL,5,5,4,4,1,2,3,1,2,3
621,4,4,UL,5,5,4,4,1,2,3,1,2,3
622,4,4,UL,5,5,4,4,1,2,3,1,2,3
623,4,4,UL,4,5,1,2,3,4,5,1,2,3
624,4,4,UL,4,5,1,2,3,4,5,1,2,3
625,4,4,UL,4,5,1,2,3,4,5,1,2,3
626,4,4,UL,4,5,1,2,3,4,5,1,2,3
627,4,4,UL,4,5,1,2,3,4,5,1,2,3
628,4,4,UL,4,5,1,2,3,4,5,1,2,3
629,4,4,UL,4,5,1,2,3,4,5,1,2,3
630,4,5,DL,2,2,1,1,4,4,5,5,3,3
631,4,5,DL,2,2,1,1,4,4,5,5,3,3
632,4,5,DL,2,2,1,1,4,4,5,5,3,3
633,4,5,DL,2,2,1,1,4,4,5,5,3,3
634,4,5,DL,2,2,1,1,4,4,5,5,3,3
635,4,5,DL,2,2,1,1,4,4,5,5,3,3
636,4,5,DL,2,2,1,1,4,4,5,5,3,3
637,4,5,DL,4,5,1,2,3,4,5,1,2,3
638,4,5,DL,4,5,1,2,3,4,5,1,2,3
639,4,5,DL,4,5,1,2,3,4,5,1,2,3
640,4,5,DL,4,5,1,2,3,4,5,1,2,3
641,4,5,DL,4,5,1,2,3,4,5,1,2,3
642,4,5,DL,4,5,1,2,3,4,5,1,2,3
643,4,5,DL,4,5,1,2,3,4,5,1,2,3
644,4,6,DL,4,4,5,5,3,3,1,1,2,2
645,4,6,DL,4,4,5,5,3,3,1,1,2,2
646,4,6,DL,4,4,5,5,3,3,1,1,2,2
647,4,6,DL,4,4,5,5,3,3,1,1,2,2
648,4,6,DL,4,4,5,5,3,3,1,1,2,2
649,4,6,DL,4,4,5,5,3,3,1,1,2,2
650,4,6,DL,4,4,5,5,3,3,1,1,2,2
651,4,6,DL,2,2,5,5,4,4,1,1,3,3
652,4,6,DL,2,2,5,5,4,4,1,1,3,3
653,4,6,DL,2,2,5,5,4,4,1,1,3,3
654,4,6,DL,2,2,5,5,4,4,1,1,3,3
655,4,6,DL,2,2,5,5,4,4,1,1,3,3
656,4,6,DL,2,2,5,5,4,4,1,1,3,3
657,4,6,DL,2,2,5,5,4,4,1,1,3,3
658,4,7,DL,2,2,1,1,3,3,4,5,4,5
659,4,7,DL,2,2,1,1,3,3,4,5,4,5
660,4,7,DL,2,2,1,1,3,3,4,5,4,5
661,4,7,DL,2,2,1,1,3,3,4,5,4,5
662,4,7,DL,2,2,1,1,3,3,4,5,4,5
663,4,7,DL,2,2,1,1,3,3,4,5,4,5
664,4,7,DL,2,2,1,1,3,3,4,5,4,5
665,4,7,DL,0,0,0,0,0,0,0,0,0,0
666,4,7,G,0,0,0,0,0,0,0,0,0,0
667,4,7,G,0,0,0,0,0,0,0,0,0,0
668,4,7,UL,3,3,3,4,4,4,1,1,1,5
669,4,7,UL,3,3,3,4,4,4,1,1,1,5
670,4,7,UL,3,3,3,4,4,4,1,1,1,5
671,4,7,UL,3,3,3,4,4,4,1,1,1,5
672,4,8,UL,1,1,2,2,3,3,5,5,4,4
673,4,8,UL,1,1,2,2,3,3,5,5,4,4
674,4,8,UL,1,1,2,2,3,3,5,5,4,4
675,4,8,UL,1,1,2,2,3,3,5,5,4,4
676,4,8,UL,1,1,2,2,3,3,5,5,4,4
677,4,8,UL,1,1,2,2,3,3,5,5,4,4
678,4,8,UL,1,1,2,2,3,3,5,5,4,4
679,4,8,UL,3,3,5,5,2,2,1,4,1,4
680,4,8,UL,3,3,5,5,2,2,1,4,1,4
681,4,8,UL,3,3,5,5,2,2,1,4,1,4
682,4,8,UL,3,3,5,5,2,2,1,4,1,4
683,4,8,UL,3,3,5,5,2,2,1,4,1,4
684,4,8,UL,3,3,5,5,2,2,1,4,1,4
685,4,8,UL,3,3,5,5,2,2,1,4,1,4
686,4,9,UL,2,2,5,1,3,4,5,1,3,4
687,4,9,UL,2,2,5,1,3,4,5,1,3,4
688,4,9,UL,2,2,5,1,3,4,5,1,3,4
689,4,9,UL,2,2,5,1,3,4,5,1,3,4
690,4,9,UL,2,2,5,1,3,4,5,1,3,4
691,4,9,UL,2,2,5,1,3,4,5,1,3,4
692,4,9,UL,2,2,5,1,3,4,5,1,3,4
693,4,9,UL,5,1,2,3,4,5,1,2,3,4
694,4,9,UL,5,1,2,3,4,5,1,2,3,4
695,4,9,UL,5,1,2,3,4,5,1,2,3,4
696,4,9,UL,5,1,2,3,4,5,1,2,3,4
697,4,9,UL,5,1,2,3,4,5,1,2,3,4
698,4,9,UL,5,1,2,3,4,5,1,2,3,4
699,4,9,UL,5,1,2,3,4,5,1,2,3,4
700,5,0,DL,1,2,3,4,5,1,2,3,4,5
701,5,0,DL,1,2,3,4,5,1,2,3,4,5
702,5,0,DL,1,2,3,4,5,1,2,3,4,5
703,5,0,DL,1,2,3,4,5,1,2,3,4,5
704,5,0,DL,1,2,3,4,5,1,2,3,4,5
705,5,0,DL,1,2,3,4,5,1,2,3,4,5
706,5,0,DL,1,2,3,4,5,1,2,3,4,5
707,5,0,DL,1,2,3,4,5,1,2,3,4,5
708,5,0,DL,1,2,3,4,5,1,2,3,4,5
709,5,0,DL,1,2,3,4,5,1,2,3,4,5
710,5,0,DL,1,2,3,4,5,1,2,3,4,5
711,5,0,DL,1,2,3,4,5,1,2,3,4,5
712,5,0,DL,1,2,3,4,5,1,2,3,4,5
713,5,0,DL,1,2,3,4,5,1,2,3,4,5
714,5,1,DL,2,2,1,1,4,4,5,5,3,3
715,5,1,DL,2,2,1,1,4,4,5,5,3,3
716,5,1,DL,2,2,1,1,4,4,5,5,3,3
717,5,1,DL,2,2,1,1,4,4,5,5,3,3
718,5,1,DL,2,2,1,1,4,4,5,5,3,3
719,5,1,DL,2,2,1,1,4,4,5,5,3,3
720,5,1,DL,2,2,1,1,4,4,5,5,3,3
721,5,1,DL,1,1,3,3,4,4,2,2,5,5
722,5,1,DL,1,1,3,3,4,4,2,2,5,5
723,5,1,DL,1,1,3,3,4,4,2,2,5,5
724,5,1,DL,1,1,3,3,4,4,2,2,5,5
725,5,1,DL,1,1,3,3,4,4,2,2,5,5
726,5,1,DL,1,1,3,3,4,4,2,2,5,5
727,5,1,DL,1,1,3,3,4,4,2,2,5,5
728,5,2,DL,5,5,1,1,3,3,4,4,2,2
729,5,2,DL,5,5,1,1,3,3,4,4,2,2
730,5,2,DL,5,5,1,1,3,3,4,4,2,2
731,5,2,DL,5,5,1,1,3,3,4,4,2,2
732,5,2,DL,5,5,1,1,3,3,4,4,2,2
733,5,2,DL,5,5,1,1,3,3,4,4,2,2
734,5,2,DL,5,5,1,1,3,3,4,4,2,2
735,5,2,DL,0,0,0,0,0,0,0,0,0,0
736,5,2,G,0,0,0,0,0,0,0,0,0,0
737,5,2,G,0,0,0,0,0,0,0,0,0,0
738,5,2,UL,5,5,5,1,1,1,3,3,3,2
739,5,2,UL,5,5,5,1,1,1,3,3,3,2
740,5,2,UL,5,5,5,1,1,1,3,3,3,2
741,5,2,UL,5,5,5,1,1,1,3,3,3,2
742,5,3,UL,4,4,2,2,1,1,3,3,5,5
743,5,3,UL,4,4,2,2,1,1,3,3,5,5
744,5,3,UL,4,4,2,2,1,1,3,3,5,5
745,5,3,UL,4,4,2,2,1,1,3,3,5,5
746,5,3,UL,4,4,2,2,1,1,3,3,5,5
747,5,3,UL,4,4,2,2,1,1,3,3,5,5
748,5,3,UL,4,4,2,2,1,1,3,3,5,5
749,5,3,UL,2,2,4,4,3,3,1,5,1,5
750,5,3,UL,2,2,4,4,3,3,1,5,1,5
751,5,3,UL,2,2,4,4,3,3,1,5,1,5
752,5,3,UL,2,2,4,4,3,3,1,5,1,5
753,5,3,UL,2,2,4,4,3,3,1,5,1,5
754,5,3,UL,2,2,4,4,3,3,1,5,1,5
755,5,3,UL,2,2,4,4,3,3,1,5,1,5
756,5,4,UL,1,2,3,4,5,1,2,3,4,5
757,5,4,UL,1,2,3,4,5,1,2,3,4,5
758,5,4,UL,1,2,3,4,5,1,2,3,4,5
759,5,4,UL,1,2,3,4,5,1,2,3,4,5
760,5,4,UL,1,2,3,4,5,1,2,3,4,5
761,5,4,UL,1,2,3,4,5,1,2,3,4,5
762,5,4,UL,1,2,3,4,5,1,2,3,4,5
763,5,4,UL,1,2,3,4,5,1,2,3,4,5
764,5,4,UL,1,2,3,4,5,1,2,3,4,5
765,5,4,UL,1,2,3,4,5,1,2,3,4,5
766,5,4,UL,1,2,3,4,5,1,2,3,4,5
767,5,4,UL,1,2,3,4,5,1,2,3,4,5
768,5,4,UL,1,2,3,4,5,1,2,3,4,5
769,5,4,UL,1,2,3,4,5,1,2,3,4,5
770,5,5,DL,4,4,3,5,1,2,3,5,1,2
771,5,5,DL,4,4,3,5,1,2,3,5,1,2
772,5,5,DL,4,4,3,5,1,2,3,5,1,2
773,5,5,DL,4,4,3,5,1,2,3,5,1,2
774,5,5,DL,4,4,3,5,1,2,3,5,1,2
775,5,5,DL,4,4,3,5,1,2,3,5,1,2
776,5,5,DL,4,4,3,5,1,2,3,5,1,2
777,5,5,DL,3,4,5,1,2,3,4,5,1,2
778,5,5,DL,3,4,5,1,2,3,4,5,1,2
779,5,5,DL,3,4,5,1,2,3,4,5,1,2
780,5,5,DL,3,4,5,1,2,3,4,5,1,2
781,5,5,DL,3,4,5,1,2,3,4,5,1,2
782,5,5,DL,3,4,5,1,2,3,4,5,1,2
783,5,5,DL,3,4,5,1,2,3,4,5,1,2
784,5,6,DL,4,4,5,5,1,1,2,2,3,3
785,5,6,DL,4,4,5,5,1,1,2,2,3,3
786,5,6,DL,4,4,5,5,1,1,2,2,3,3
787,5,6,DL,4,4,5,5,1,1,2,2,3,3
788,5,6,DL,4,4,5,5,1,1,2,2,3,3
789,5,6,DL,4,4,5,5,1,1,2,2,3,3
790,5,6,DL,4,4,5,5,1,1,2,2,3,3
791,5,6,DL,3,3,5,5,1,1,4,4,2,2
792,5,6,DL,3,3,5,5,1,1,4,4,2,2
793,5,6,DL,3,3,5,5,1,1,4,4,2,2
794,5,6,DL,3,3,5,5,1,1,4,4,2,2
795,5,6,DL,3,3,5,5,1,1,4,4,2,2
796,5,6,DL,3,3,5,5,1,1,4,4,2,2
797,5,6,DL,3,3,5,5,1,1,4,4,2,2
798,5,7,DL,5,5,3,3,4,1,2,4,1,2
799,5,7,DL,5,5,3,3,4,1,2,4,1,2
800,5,7,DL,5,5,3,3,4,1,2,4,1,2
801,5,7,DL,5,5,3,3,4,1,2,4,1,2
802,5,7,DL,5,5,3,3,4,1,2,4,1,2
803,5,7,DL,5,5,3,3,4,1,2,4,1,2
804,5,7,DL,5,5,3,3,4,1,2,4,1,2
805,5,7,DL,0,0,0,0,0,0,0,0,0,0
806,5,7,G,0,0,0,0,0,0,0,0,0,0
807,5,7,G,0,0,0,0,0,0,0,0,0,0
808,5,7,UL,4,4,4,2,2,2,3,3,3,1
809,5,7,UL,4,4,4,2,2,2,3,3,3,1
810,5,7,UL,4,4,4,2,2,2,3,3,3,1
811,5,7,UL,4,4,4,2,2,2,3,3,3,1
812,5,8,UL,5,5,2,2,1,1,3,3,4,4
813,5,8,UL,5,5,2,2,1,1,3,3,4,4
814,5,8,UL,5,5,2,2,1,1,3,3,4,4
815,5,8,UL,5,5,2,2,1,1,3,3,4,4
816,5,8,UL,5,5,2,2,1,1,3,3,4,4
817,5,8,UL,5,5,2,2,1,1,3,3,4,4
818,5,8,UL,5,5,2,2,1,1,3,3,4,4
819,5,8,UL,5,5,3,3,1,1,2,4,2,4
820,5,8,UL,5,5,3,3,1,1,2,4,2,4
821,5,8,UL,5,5,3,3,1,1,2,4,2,4
822,5,8,UL,5,5,3,3,1,1,2,4,2,4
823,5,8,UL,5,5,3,3,1,1,2,4,2,4
824,5,8,UL,5,5,3,3,1,1,2,4,2,4
825,5,8,UL,5,5,3,3,1,1,2,4,2,4
826,5,9,UL,5,5,1,1,2,3,4,2,3,4
827,5,9,UL,5,5,1,1,2,3,4,2,3,4
828,5,9,UL,5,5,1,1,2,3,4,2,3,4
829,5,9,UL,5,5,1,1,2,3,4,2,3,4
830,5,9,UL,5,5,1,1,2,3,4,2,3,4
831,5,9,UL,5,5,1,1,2,3,4,2,3,4
832,5,9,UL,5,5,1,1,2,3,4,2,3,4
833,5,9,UL,5,1,2,3,4,5,1,2,3,4
834,5,9,UL,5,1,2,3,4,5,1,2,3,4
835,5,9,UL,5,1,2,3,4,5,1,2,3,4
836,5,9,UL,5,1,2,3,4,5,1,2,3,4
837,5,9,UL,5,1,2,3,4,5,1,2,3,4
838,5,9,UL,5,1,2,3,4,5,1,2,3,4
839,5,9,UL,5,1,2,3,4,5,1,2,3,4
840,6,0,DL,5,5,3,4,1,2,3,4,1,2
841,6,0,DL,5,5,3,4,1,2,3,4,1,2
842,6,0,DL,5,5,3,4,1,2,3,4,1,2
843,6,0,DL,5,5,3,4,1,2,3,4,1,2
844,6,0,DL,5,5,3,4,1,2,3,4,1,2
845,6,0,DL,5,5,3,4,1,2,3,4,1,2
846,6,0,DL,5,5,3,4,1,2,3,4,1,2
847,6,0,DL,3,4,5,1,2,3,4,5,1,2
848,6,0,DL,3,4,5,1,2,3,4,5,1,2
849,6,0,DL,3,4,5,1,2,3,4,5,1,2
850,6,0,DL,3,4,5,1,2,3,4,5,1,2
851,6,0,DL,3,4,5,1,2,3,4,5,1,2
852,6,0,DL,3,4,5,1,2,3,4,5,1,2
853,6,0,DL,3,4,5,1,2,3,4,5,1,2
854,6,1,DL,2,2,3,3,1,1,4,4,5,5
855,6,1,DL,2,2,3,3,1,1,4,4,5,5
856,6,1,DL,2,2,3,3,1,1,4,4,5,5
857,6,1,DL,2,2,3,3,1,1,4,4,5,5
858,6,1,DL,2,2,3,3,1,1,4,4,5,5
859,6,1,DL,2,2,3,3,1,1,4,4,5,5
860,6,1,DL,2,2,3,3,1,1,4,4,5,5
861,6,1,DL,3,3,5,5,2,2,1,1,4,4
862,6,1,DL,3,3,5,5,2,2,1,1,4,4
863,6,1,DL,3,3,5,5,2,2,1,1,4,4
864,6,1,DL,3,3,5,5,2,2,1,1,4,4
865,6,1,DL,3,3,5,5,2,2,1,1,4,4
866,6,1,DL,3,3,5,5,2,2,1,1,4,4
867,6,1,DL,3,3,5,5,2,2,1,1,4,4
868,6,2,DL,1,1,2,2,3,3,4,4,5,5
869,6,2,DL,1,1,2,2,3,3,4,4,5,5
870,6,2,DL,1,1,2,2,3,3,4,4,5,5
871,6,2,DL,1,1,2,2,3,3,4,4,5,5
872,6,2,DL,1,1,2,2,3,3,4,4,5,5
873,6,2,DL,1,1,2,2,3,3,4,4,5,5
874,6,2,DL,1,1,2,2,3,3,4,4,5,5
875,6,2,DL,0,0,0,0,0,0,0,0,0,0
876,6,2,G,0,0,0,0,0,0,0,0,0,0
877,6,2,G,0,0,0,0,0,0,0,0,0,0
878,6,2,UL,3,3,3,5,5,5,4,4,4,1
879,6,2,UL,3,3,3,5,5,5,4,4,4,1
880,6,2,UL,3,3,3,5,5,5,4,4,4,1
881,6,2,UL,3,3,3,5,5,5,4,4,4,1
882,6,3,UL,5,5,1,1,2,2,3,3,4,4
883,6,3,UL,5,5,1,1,2,2,3,3,4,4
884,6,3,UL,5,5,1,1,2,2,3,3,4,4
885,6,3,UL,5,5,1,1,2,2,3,3,4,4
886,6,3,UL,5,5,1,1,2,2,3,3,4,4
887,6,3,UL,5,5,1,1,2,2,3,3,4,4
888,6,3,UL,5,5,1,1,2,2,3,3,4,4
889,6,3,UL,3,3,4,4,5,5,1,1,2,2
890,6,3,UL,3,3,4,4,5,5,1,1,2,2
891,6,3,UL,3,3,4,4,5,5,1,1,2,2
892,6,3,UL,3,3,4,4,5,5,1,1,2,2
893,6,3,UL,3,3,4,4,5,5,1,1,2,2
894,6,3,UL,3,3,4,4,5,5,1,1,2,2
895,6,3,UL,3,3,4,4,5,5,1,1,2,2
896,6,4,UL,2,3,4,5,1,2,3,4,5,1
897,6,4,UL,2,3,4,5,1,2,3,4,5,1
898,6,4,UL,2,3,4,5,1,2,3,4,5,1
899,6,4,UL,2,3,4,5,1,2,3,4,5,1
900,6,4,UL,2,3,4,5,1,2,3,4,5,1
901,6,4,UL,2,3,4,5,1,2,3,4,5,1
902,6,4,UL,2,3,4,5,1,2,3,4,5,1
903,6,4,UL,2,3,4,5,1,2,3,4,5,1
904,6,4,UL,2,3,4,5,1,2,3,4,5,1
905,6,4,UL,2,3,4,5,1,2,3,4,5,1
906,6,4,UL,2,3,4,5,1,2,3,4,5,1
907,6,4,UL,2,3,4,5,1,2,3,4,5,1
908,6,4,UL,2,3,4,5,1,2,3,4,5,1
909,6,4,UL,2,3,4,5,1,2,3,4,5,1
910,6,5,DL,2,2,1,3,4,5,1,3,4,5
911,6,5,DL,2,2,1,3,4,5,1,3,4,5
912,6,5,DL,2,2,1,3,4,5,1,3,4,5
913,6,5,DL,2,2,1,3,4,5,1,3,4,5
914,6,5,DL,2,2,1,3,4,5,1,3,4,5
915,6,5,DL,2,2,1,3,4,5,1,3,4,5
916,6,5,DL,2,2,1,3,4,5,1,3,4,5
917,6,5,DL,1,2,3,4,5,1,2,3,4,5
918,6,5,DL,1,2,3,4,5,1,2,3,4,5
919,6,5,DL,1,2,3,4,5,1,2,3,4,5
920,6,5,DL,1,2,3,4,5,1,2,3,4,5
921,6,5,DL,1,2,3,4,5,1,2,3,4,5
922,6,5,DL,1,2,3,4,5,1,2,3,4,5
923,6,5,DL,1,2,3,4,5,1,2,3,4,5
924,6,6,DL,4,4,3,3,2,2,1,1,5,5
925,6,6,DL,4,4,3,3,2,2,1,1,5,5
926,6,6,DL,4,4,3,3,2,2,1,1,5,5
927,6,6,DL,4,4,3,3,2,2,1,1,5,5
928,6,6,DL,4,4,3,3,2,2,1,1,5,5
929,6,6,DL,4,4,3,3,2,2,1,1,5,5
930,6,6,DL,4,4,3,3,2,2,1,1,5,5
931,6,6,DL,5,5,2,2,4,4,3,3,1,1
932,6,6,DL,5,5,2,2,4,4,3,3,1,1
933,6,6,DL,5,5,2,2,4,4,3,3,1,1
934,6,6,DL,5,5,2,2,4,4,3,3,1,1
935,6,6,DL,5,5,2,2,4,4,3,3,1,1
936,6,6,DL,5,5,2,2,4,4,3,3,1,1
937,6,6,DL,5,5,2,2,4,4,3,3,1,1
938,6,7,DL,4,4,2,2,5,5,1,1,3,3
939,6,7,DL,4,4,2,2,5,5,1,1,3,3
940,6,7,DL,4,4,2,2,5,5,1,1,3,3
941,6,7,DL,4,4,2,2,5,5,1,1,3,3
942,6,7,DL,4,4,2,2,5,5,1,1,3,3
943,6,7,DL,4,4,2,2,5,5,1,1,3,3
944,6,7,DL,4,4,2,2,5,5,1,1,3,3
945,6,7,DL,0,0,0,0,0,0,0,0,0,0
946,6,7,G,0,0,0,0,0,0,0,0,0,0
947,6,7,G,0,0,0,0,0,0,0,0,0,0
948,6,7,UL,2,2,2,4,4,4,5,5,5,3
949,6,7,UL,2,2,2,4,4,4,5,5,5,3
950,6,7,UL,2,2,2,4,4,4,5,5,5,3
951,6,7,UL,2,2,2,4,4,4,5,5,5,3
952,6,8,UL,5,5,2,2,4,4,1,1,3,3
953,6,8,UL,5,5,2,2,4,4,1,1,3,3
954,6,8,UL,5,5,2,2,4,4,1,1,3,3
955,6,8,UL,5,5,2,2,4,4,1,1,3,3
956,6,8,UL,5,5,2,2,4,4,1,1,3,3
957,6,8,UL,5,5,2,2,4,4,1,1,3,3
958,6,8,UL,5,5,2,2,4,4,1,1,3,3
959,6,8,UL,5,5,1,1,2,2,3,3,4,4
960,6,8,UL,5,5,1,1,2,2,3,3,4,4
961,6,8,UL,5,5,1,1,2,2,3,3,4,4
962,6,8,UL,5,5,1,1,2,2,3,3,4,4
963,6,8,UL,5,5,1,1,2,2,3,3,4,4
964,6,8,UL,5,5,1,1,2,2,3,3,4,4
965,6,8,UL,5,5,1,1,2,2,3,3,4,4
966,6,9,UL,3,3,4,5,1,2,4,5,1,2
967,6,9,UL,3,3,4,5,1,2,4,5,1,2
968,6,9,UL,3,3,4,5,1,2,4,5,1,2
969,6,9,UL,3,3,4,5,1,2,4,5,1,2
970,6,9,UL,3,3,4,5,1,2,4,5,1,2
971,6,9,UL,3,3,4,5,1,2,4,5,1,2
972,6,9,UL,3,3,4,5,1,2,4,5,1,2
973,6,9,UL,3,4,5,1,2,3,4,5,1,2
974,6,9,UL,3,4,5,1,2,3,4,5,1,2
975,6,9,UL,3,4,5,1,2,3,4,5,1,2
976,6,9,UL,3,4,5,1,2,3,4,5,1,2
977,6,9,UL,3,4,5,1,2,3,4,5,1,2
978,6,9,UL,3,4,5,1,2,3,4,5,1,2
979,6,9,UL,3,4,5,1,2,3,4,5,1,2
980,7,0,DL,2,2,1,1,5,5,3,4,3,4
981,7,0,DL,2,2,1,1,5,5,3,4,3,4
982,7,0,DL,2,2,1,1,5,5,3,4,3,4
983,7,0,DL,2,2,1,1,5,5,3,4,3,4
984,7,0,DL,2,2,1,1,5,5,3,4,3,4
985,7,0,DL,2,2,1,1,5,5,3,4,3,4
986,7,0,DL,2,2,1,1,5,5,3,4,3,4
987,7,0,DL,5,1,2,3,4,5,1,2,3,4
988,7,0,DL,5,1,2,3,4,5,1,2,3,4
989,7,0,DL,5,1,2,3,4,5,1,2,3,4
990,7,0,DL,5,1,2,3,4,5,1,2,3,4
991,7,0,DL,5,1,2,3,4,5,1,2,3,4
992,7,0,DL,5,1,2,3,4,5,1,2,3,4
993,7,0,DL,5,1,2,3,4,5,1,2,3,4
994,7,1,DL,4,4,5,5,1,1,3,3,2,2
995,7,1,DL,4,4,5,5,1,1,3,3,2,2
996,7,1,DL,4,4,5,5,1,1,3,3,2,2
997,7,1,DL,4,4,5,5,1,1,3,3,2,2
998,7,1,DL,4,4,5,5,1,1,3,3,2,2
999,7,1,DL,4,4,5,5,1,1,3,3,2,2
1000,7,1,DL,4,4,5,5,1,1,3,3,2,2
1001,7,1,DL,2,2,4,4,3,3,5,5,1,1
1002,7,1,DL,2,2,4,4,3,3,5,5,1,1
1003,7,1,DL,2,2,4,4,3,3,5,5,1,1
1004,7,1,DL,2,2,4,4,3,3,5,5,1,1
1005,7,1,DL,2,2,4,4,3,3,5,5,1,1
1006,7,1,DL,2,2,4,4,3,3,5,5,1,1
1007,7,1,DL,2,2,4,4,3,3,5,5,1,1
1008,7,2,DL,2,2,4,4,5,5,1,1,3,3
1009,7,2,DL,2,2,4,4,5,5,1,1,3,3
1010,7,2,DL,2,2,4,4,5,5,1,1,3,3
1011,7,2,DL,2,2,4,4,5,5,1,1,3,3
1012,7,2,DL,2,2,4,4,5,5,1,1,3,3
1013,7,2,DL,2,2,4,4,5,5,1,1,3,3
1014,7,2,DL,2,2,4,4,5,5,1,1,3,3
1015,7,2,DL,0,0,0,0,0,0,0,0,0,0
1016,7,2,G,0,0,0,0,0,0,0,0,0,0
1017,7,2,G,0,0,0,0,0,0,0,0,0,0
1018,7,2,UL,2,2,2,3,3,3,5,5,5,4
1019,7,2,UL,2,2,2,3,3,3,5,5,5,4
1020,7,2,UL,2,2,2,3,3,3,5,5,5,4
1021,7,2,UL,2,2,2,3,3,3,5,5,5,4
1022,7,3,UL,3,3,2,2,4,4,5,5,1,1
1023,7,3,UL,3,3,2,2,4,4,5,5,1,1
1024,7,3,UL,3,3,2,2,4,4,5,5,1,1
1025,7,3,UL,3,3,2,2,4,4,5,5,1,1
1026,7,3,UL,3,3,2,2,4,4,5,5,1,1
1027,7,3,UL,3,3,2,2,4,4,5,5,1,1
1028,7,3,UL,3,3,2,2,4,4,5,5,1,1
1029,7,3,UL,4,4,2,2,1,1,5,3,5,3
1030,7,3,UL,4,4,2,2,1,1,5,3,5,3
1031,7,3,UL,4,4,2,2,1,1,5,3,5,3
1032,7,3,UL,4,4,2,2,1,1,5,3,5,3
1033,7,3,UL,4,4,2,2,1,1,5,3,5,3
1034,7,3,UL,4,4,2,2,1,1,5,3,5,3
1035,7,3,UL,4,4,2,2,1,1,5,3,5,3
1036,7,4,UL,4,4,5,1,2,3,5,1,2,3
1037,7,4,UL,4,4,5,1,2,3,5,1,2,3
1038,7,4,UL,4,4,5,1,2,3,5,1,2,3
1039,7,4,UL,4,4,5,1,2,3,5,1,2,3
1040,7,4,UL,4,4,5,1,2,3,5,1,2,3
1041,7,4,UL,4,4,5,1,2,3,5,1,2,3
1042,7,4,UL,4,4,5,1,2,3,5,1,2,3
1043,7,4,UL,4,5,1,2,3,4,5,1,2,3
1044,7,4,UL,4,5,1,2,3,4,5,1,2,3
1045,7,4,UL,4,5,1,2,3,4,5,1,2,3
1046,7,4,UL,4,5,1,2,3,4,5,1,2,3
1047,7,4,UL,4,5,1,2,3,4,5,1,2,3
1048,7,4,UL,4,5,1,2,3,4,5,1,2,3
1049,7,4,UL,4,5,1,2,3,4,5,1,2,3
1050,7,5,DL,1,1,5,2,3,4,5,2,3,4
1051,7,5,DL,1,1,5,2,3,4,5,2,3,4
1052,7,5,DL,1,1,5,2,3,4,5,2,3,4
1053,7,5,DL,1,1,5,2,3,4,5,2,3,4
1054,7,5,DL,1,1,5,2,3,4,5,2,3,4
1055,7,5,DL,1,1,5,2,3,4,5,2,3,4
1056,7,5,DL,1,1,5,2,3,4,5,2,3,4
1057,7,5,DL,5,1,2,3,4,5,1,2,3,4
1058,7,5,DL,5,1,2,3,4,5,1,2,3,4
1059,7,5,DL,5,1,2,3,4,5,1,2,3,4
1060,7,5,DL,5,1,2,3,4,5,1,2,3,4
1061,7,5,DL,5,1,2,3,4,5,1,2,3,4
1062,7,5,DL,5,1,2,3,4,5,1,2,3,4
1063,7,5,DL,5,1,2,3,4,5,1,2,3,4
1064,7,6,DL,5,5,4,4,1,1,3,3,2,2
1065,7,6,DL,5,5,4,4,1,1,3,3,2,2
1066,7,6,DL,5,5,4,4,1,1,3,3,2,2
1067,7,6,DL,5,5,4,4,1,1,3,3,2,2
1068,7,6,DL,5,5,4,4,1,1,3,3,2,2
1069,7,6,DL,5,5,4,4,1,1,3,3,2,2
1070,7,6,DL,5,5,4,4,1,1,3,3,2,2
1071,7,6,DL,4,4,5,5,3,3,2,2,1,1
1072,7,6,DL,4,4,5,5,3,3,2,2,1,1
1073,7,6,DL,4,4,5,5,3,3,2,2,1,1
1074,7,6,DL,4,4,5,5,3,3,2,2,1,1
1075,7,6,DL,4,4,5,5,3,3,2,2,1,1
1076,7,6,DL,4,4,5,5,3,3,2,2,1,1
1077,7,6,DL,4,4,5,5,3,3,2,2,1,1
1078,7,7,DL,3,3,4,4,2,5,1,2,5,1
1079,7,7,DL,3,3,4,4,2,5,1,2,5,1
1080,7,7,DL,3,3,4,4,2,5,1,2,5,1
1081,7,7,DL,3,3,4,4,2,5,1,2,5,1
1082,7,7,DL,3,3,4,4,2,5,1,2,5,1
1083,7,7,DL,3,3,4,4,2,5,1,2,5,1
1084,7,7,DL,3,3,4,4,2,5,1,2,5,1
1085,7,7,DL,0,0,0,0,0,0,0,0,0,0
1086,7,7,G,0,0,0,0,0,0,0,0,0,0
1087,7,7,G,0,0,0,0,0,0,0,0,0,0
1088,7,7,UL,4,4,4,5,5,5,1,1,1,2
1089,7,7,UL,4,4,4,5,5,5,1,1,1,2
1090,7,7,UL,4,4,4,5,5,5,1,1,1,2
1091,7,7,UL,4,4,4,5,5,5,1,1,1,2
1092,7,8,UL,4,4,5,5,2,2,3,3,1,1
1093,7,8,UL,4,4,5,5,2,2,3,3,1,1
1094,7,8,UL,4,4,5,5,2,2,3,3,1,1
1095,7,8,UL,4,4,5,5,2,2,3,3,1,1
1096,7,8,UL,4,4,5,5,2,2,3,3,1,1
1097,7,8,UL,4,4,5,5,2,2,3,3,1,1
1098,7,8,UL,4,4,5,5,2,2,3,3,1,1
1099,7,8,UL,2,2,5,5,1,1,3,3,4,4
1100,7,8,UL,2,2,5,5,1,1,3,3,4,4
1101,7,8,UL,2,2,5,5,1,1,3,3,4,4
1102,7,8,UL,2,2,5,5,1,1,3,3,4,4
1103,7,8,UL,2,2,5,5,1,1,3,3,4,4
1104,7,8,UL,2,2,5,5,1,1,3,3,4,4
1105,7,8,UL,2,2,5,5,1,1,3,3,4,4
1106,7,9,UL,2,2,5,1,3,4,5,1,3,4
1107,7,9,UL,2,2,5,1,3,4,5,1,3,4
1108,7,9,UL,2,2,5,1,3,4,5,1,3,4
1109,7,9,UL,2,2,5,1,3,4,5,1,3,4
1110,7,9,UL,2,2,5,1,3,4,5,1,3,4
1111,7,9,UL,2,2,5,1,3,4,5,1,3,4
1112,7,9,UL,2,2,5,1,3,4,5,1,3,4
1113,7,9,UL,5,1,2,3,4,5,1,2,3,4
1114,7,9,UL,5,1,2,3,4,5,1,2,3,4
1115,7,9,UL,5,1,2,3,4,5,1,2,3,4
1116,7,9,UL,5,1,2,3,4,5,1,2,3,4
1117,7,9,UL,5,1,2,3,4,5,1,2,3,4
1118,7,9,UL,5,1,2,3,4,5,1,2,3,4
1119,7,9,UL,5,1,2,3,4,5,1,2,3,4
1120,8,0,DL,2,3,4,5,1,2,3,4,5,1
1121,8,0,DL,2,3,4,5,1,2,3,4,5,1
1122,8,0,DL,2,3,4,5,1,2,3,4,5,1
1123,8,0,DL,2,3,4,5,1,2,3,4,5,1
1124,8,0,DL,2,3,4,5,1,2,3,4,5,1
1125,8,0,DL,2,3,4,5,1,2,3,4,5,1
1126,8,0,DL,2,3,4,5,1,2,3,4,5,1
1127,8,0,DL,2,3,4,5,1,2,3,4,5,1
1128,8,0,DL,2,3,4,5,1,2,3,4,5,1
1129,8,0,DL,2,3,4,5,1,2,3,4,5,1
1130,8,0,DL,2,3,4,5,1,2,3,4,5,1
1131,8,0,DL,2,3,4,5,1,2,3,4,5,1
1132,8,0,DL,2,3,4,5,1,2,3,4,5,1
1133,8,0,DL,2,3,4,5,1,2,3,4,5,1
1134,8,1,DL,4,4,3,3,5,5,1,1,2,2
1135,8,1,DL,4,4,3,3,5,5,1,1,2,2
1136,8,1,DL,4,4,3,3,5,5,1,1,2,2
1137,8,1,DL,4,4,3,3,5,5,1,1,2,2
1138,8,1,DL,4,4,3,3,5,5,1,1,2,2
1139,8,1,DL,4,4,3,3,5,5,1,1,2,2
1140,8,1,DL,4,4,3,3,5,5,1,1,2,2
1141,8,1,DL,3,3,2,2,5,5,1,1,4,4
1142,8,1,DL,3,3,2,2,5,5,1,1,4,4
1143,8,1,DL,3,3,2,2,5,5,1,1,4,4
1144,8,1,DL,3,3,2,2,5,5,1,1,4,4
1145,8,1,DL,3,3,2,2,5,5,1,1,4,4
1146,8,1,DL,3,3,2,2,5,5,1,1,4,4
1147,8,1,DL,3,3,2,2,5,5,1,1,4,4
1148,8,2,DL,1,1,4,4,3,3,5,5,2,2
1149,8,2,DL,1,1,4,4,3,3,5,5,2,2
1150,8,2,DL,1,1,4,4,3,3,5,5,2,2
1151,8,2,DL,1,1,4,4,3,3,5,5,2,2
1152,8,2,DL,1,1,4,4,3,3,5,5,2,2
1153,8,2,DL,1,1,4,4,3,3,5,5,2,2
1154,8,2,DL,1,1,4,4,3,3,5,5,2,2
1155,8,2,DL,0,0,0,0,0,0,0,0,0,0
1156,8,2,G,0,0,0,0,0,0,0,0,0,0
1157,8,2,G,0,0,0,0,0,0,0,0,0,0
1158,8,2,UL,1,1,1,3,3,3,2,2,2,5
1159,8,2,UL,1,1,1,3,3,3,2,2,2,5
1160,8,2,UL,1,1,1,3,3,3,2,2,2,5
1161,8,2,UL,1,1,1,3,3,3,2,2,2,5
1162,8,3,UL,3,3,4,4,5,5,1,1,2,2
1163,8,3,UL,3,3,4,4,5,5,1,1,2,2
1164,8,3,UL,3,3,4,4,5,5,1,1,2,2
1165,8,3,UL,3,3,4,4,5,5,1,1,2,2
1166,8,3,UL,3,3,4,4,5,5,1,1,2,2
1167,8,3,UL,3,3,4,4,5,5,1,1,2,2
1168,8,3,UL,3,3,4,4,5,5,1,1,2,2
1169,8,3,UL,5,5,1,1,4,4,2,3,2,3
1170,8,3,UL,5,5,1,1,4,4,2,3,2,3
1171,8,3,UL,5,5,1,1,4,4,2,3,2,3
1172,8,3,UL,5,5,1,1,4,4,2,3,2,3
1173,8,3,UL,5,5,1,1,4,4,2,3,2,3
1174,8,3,UL,5,5,1,1,4,4,2,3,2,3
1175,8,3,UL,5,5,1,1,4,4,2,3,2,3
1176,8,4,UL,5,5,4,1,2,3,4,1,2,3
1177,8,4,UL,5,5,4,1,2,3,4,1,2,3
1178,8,4,UL,5,5,4,1,2,3,4,1,2,3
1179,8,4,UL,5,5,4,1,2,3,4,1,2,3
1180,8,4,UL,5,5,4,1,2,3,4,1,2,3
1181,8,4,UL,5,5,4,1,2,3,4,1,2,3
1182,8,4,UL,5,5,4,1,2,3,4,1,2,3
1183,8,4,UL,4,5,1,2,3,4,5,1,2,3
1184,8,4,UL,4,5,1,2,3,4,5,1,2,3
1185,8,4,UL,4,5,1,2,3,4,5,1,2,3
1186,8,4,UL,4,5,1,2,3,4,5,1,2,3
1187,8,4,UL,4,5,1,2,3,4,5,1,2,3
1188,8,4,UL,4,5,1,2,3,4,5,1,2,3
1189,8,4,UL,4,5,1,2,3,4,5,1,2,3
1190,8,5,DL,3,4,5,1,2,3,4,5,1,2
1191,8,5,DL,3,4,5,1,2,3,4,5,1,2
1192,8,5,DL,3,4,5,1,2,3,4,5,1,2
1193,8,5,DL,3,4,5,1,2,3,4,5,1,2
1194,8,5,DL,3,4,5,1,2,3,4,5,1,2
1195,8,5,DL,3,4,5,1,2,3,4,5,1,2
1196,8,5,DL,3,4,5,1,2,3,4,5,1,2
1197,8,5,DL,3,4,5,1,2,3,4,5,1,2
1198,8,5,DL,3,4,5,1,2,3,4,5,1,2
1199,8,5,DL,3,4,5,1,2,3,4,5,1,2
1200,8,5,DL,3,4,5,1,2,3,4,5,1,2
1201,8,5,DL,3,4,5,1,2,3,4,5,1,2
1202,8,5,DL,3,4,5,1,2,3,4,5,1,2
1203,8,5,DL,3,4,5,1,2,3,4,5,1,2
1204,8,6,DL,3,3,4,4,2,2,5,5,1,1
1205,8,6,DL,3,3,4,4,2,2,5,5,1,1
1206,8,6,DL,3,3,4,4,2,2,5,5,1,1
1207,8,6,DL,3,3,4,4,2,2,5,5,1,1
1208,8,6,DL,3,3,4,4,2,2,5,5,1,1
1209,8,6,DL,3,3,4,4,2,2,5,5,1,1
1210,8,6,DL,3,3,4,4,2,2,5,5,1,1
1211,8,6,DL,1,1,5,5,2,2,3,3,4,4
1212,8,6,DL,1,1,5,5,2,2,3,3,4,4
1213,8,6,DL,1,1,5,5,2,2,3,3,4,4
1214,8,6,DL,1,1,5,5,2,2,3,3,4,4
1215,8,6,DL,1,1,5,5,2,2,3,3,4,4
1216,8,6,DL,1,1,5,5,2,2,3,3,4,4
1217,8,6,DL,1,1,5,5,2,2,3,3,4,4
1218,8,7,DL,3,3,4,4,2,2,5,5,1,1
1219,8,7,DL,3,3,4,4,2,2,5,5,1,1
1220,8,7,DL,3,3,4,4,2,2,5,5,1,1
1221,8,7,DL,3,3,4,4,2,2,5,5,1,1
1222,8,7,DL,3,3,4,4,2,2,5,5,1,1
1223,8,7,DL,3,3,4,4,2,2,5,5,1,1
1224,8,7,DL,3,3,4,4,2,2,5,5,1,1
1225,8,7,DL,0,0,0,0,0,0,0,0,0,0
1226,8,7,G,0,0,0,0,0,0,0,0,0,0
1227,8,7,G,0,0,0,0,0,0,0,0,0,0
1228,8,7,UL,3,3,3,1,1,1,2,2,2,4
1229,8,7,UL,3,3,3,1,1,1,2,2,2,4
1230,8,7,UL,3,3,3,1,1,1,2,2,2,4
1231,8,7,UL,3,3,3,1,1,1,2,2,2,4
1232,8,8,UL,2,2,1,1,4,4,3,3,5,5
1233,8,8,UL,2,2,1,1,4,4,3,3,5,5
1234,8,8,UL,2,2,1,1,4,4,3,3,5,5
1235,8,8,UL,2,2,1,1,4,4,3,3,5,5
1236,8,8,UL,2,2,1,1,4,4,3,3,5,5
1237,8,8,UL,2,2,1,1,4,4,3,3,5,5
1238,8,8,UL,2,2,1,1,4,4,3,3,5,5
1239,8,8,UL,1,1,3,3,4,4,5,5,2,2
1240,8,8,UL,1,1,3,3,4,4,5,5,2,2
1241,8,8,UL,1,1,3,3,4,4,5,5,2,2
1242,8,8,UL,1,1,3,3,4,4,5,5,2,2
1243,8,8,UL,1,1,3,3,4,4,5,5,2,2
1244,8,8,UL,1,1,3,3,4,4,5,5,2,2
1245,8,8,UL,1,1,3,3,4,4,5,5,2,2
1246,8,9,UL,3,4,5,1,2,3,4,5,1,2
1247,8,9,UL,3,4,5,1,2,3,4,5,1,2
1248,8,9,UL,3,4,5,1,2,3,4,5,1,2
1249,8,9,UL,3,4,5,1,2,3,4,5,1,2
1250,8,9,UL,3,4,5,1,2,3,4,5,1,2
1251,8,9,UL,3,4,5,1,2,3,4,5,1,2
1252,8,9,UL,3,4,5,1,2,3,4,5,1,2
1253,8,9,UL,3,4,5,1,2,3,4,5,1,2
1254,8,9,UL,3,4,5,1,2,3,4,5,1,2
1255,8,9,UL,3,4,5,1,2,3,4,5,1,2
1256,8,9,UL,3,4,5,1,2,3,4,5,1,2
1257,8,9,UL,3,4,5,1,2,3,4,5,1,2
1258,8,9,UL,3,4,5,1,2,3,4,5,1,2
1259,8,9,UL,3,4,5,1,2,3,4,5,1,2
1260,9,0,DL,2,2,3,4,5,1,3,4,5,1
1261,9,0,DL,2,2,3,4,5,1,3,4,5,1
1262,9,0,DL,2,2,3,4,5,1,3,4,5,1
1263,9,0,DL,2,2,3,4,5,1,3,4,5,1
1264,9,0,DL,2,2,3,4,5,1,3,4,5,1
1265,9,0,DL,2,2,3,4,5,1,3,4,5,1
1266,9,0,DL,2,2,3,4,5,1,3,4,5,1
1267,9,0,DL,2,3,4,5,1,2,3,4,5,1
1268,9,0,DL,2,3,4,5,1,2,3,4,5,1
1269,9,0,DL,2,3,4,5,1,2,3,4,5,1
1270,9,0,DL,2,3,4,5,1,2,3,4,5,1
1271,9,0,DL,2,3,4,5,1,2,3,4,5,1
1272,9,0,DL,2,3,4,5,1,2,3,4,5,1
1273,9,0,DL,2,3,4,5,1,2,3,4,5,1
1274,9,1,DL,3,3,5,5,2,2,1,1,4,4
1275,9,1,DL,3,3,5,5,2,2,1,1,4,4
1276,9,1,DL,3,3,5,5,2,2,1,1,4,4
1277,9,1,DL,3,3,5,5,2,2,1,1,4,4
1278,9,1,DL,3,3,5,5,2,2,1,1,4,4
1279,9,1,DL,3,3,5,5,2,2,1,1,4,4
1280,9,1,DL,3,3,5,5,2,2,1,1,4,4
1281,9,1,DL,5,5,3,3,4,4,2,2,1,1
1282,9,1,DL,5,5,3,3,4,4,2,2,1,1
1283,9,1,DL,5,5,3,3,4,4,2,2,1,1
1284,9,1,DL,5,5,3,3,4,4,2,2,1,1
1285,9,1,DL,5,5,3,3,4,4,2,2,1,1
1286,9,1,DL,5,5,3,3,4,4,2,2,1,1
1287,9,1,DL,5,5,3,3,4,4,2,2,1,1
1288,9,2,DL,1,1,2,2,5,5,4,4,3,3
1289,9,2,DL,1,1,2,2,5,5,4,4,3,3
1290,9,2,DL,1,1,2,2,5,5,4,4,3,3
1291,9,2,DL,1,1,2,2,5,5,4,4,3,3
1292,9,2,DL,1,1,2,2,5,5,4,4,3,3
1293,9,2,DL,1,1,2,2,5,5,4,4,3,3
1294,9,2,DL,1,1,2,2,5,5,4,4,3,3
1295,9,2,DL,0,0,0,0,0,0,0,0,0,0
1296,9,2,G,0,0,0,0,0,0,0,0,0,0
1297,9,2,G,0,0,0,0,0,0,0,0,0,0
1298,9,2,UL,2,2,2,4,4,4,1,1,1,3
1299,9,2,UL,2,2,2,4,4,4,1,1,1,3
1300,9,2,UL,2,2,2,4,4,4,1,1,1,3
1301,9,2,UL,2,2,2,4,4,4,1,1,1,3
1302,9,3,UL,2,2,1,1,4,4,5,5,3,3
1303,9,3,UL,2,2,1,1,4,4,5,5,3,3
1304,9,3,UL,2,2,1,1,4,4,5,5,3,3
1305,9,3,UL,2,2,1,1,4,4,5,5,3,3
1306,9,3,UL,2,2,1,1,4,4,5,5,3,3
1307,9,3,UL,2,2,1,1,4,4,5,5,3,3
1308,9,3,UL,2,2,1,1,4,4,5,5,3,3
1309,9,3,UL,3,3,5,5,1,1,4,4,2,2
1310,9,3,UL,3,3,5,5,1,1,4,4,2,2
1311,9,3,UL,3,3,5,5,1,1,4,4,2,2
1312,9,3,UL,3,3,5,5,1,1,4,4,2,2
1313,9,3,UL,3,3,5,5,1,1,4,4,2,2
1314,9,3,UL,3,3,5,5,1,1,4,4,2,2
1315,9,3,UL,3,3,5,5,1,1,4,4,2,2
1316,9,4,UL,3,3,4,5,1,2,4,5,1,2
1317,9,4,UL,3,3,4,5,1,2,4,5,1,2
1318,9,4,UL,3,3,4,5,1,2,4,5,1,2
1319,9,4,UL,3,3,4,5,1,2,4,5,1,2
1320,9,4,UL,3,3,4,5,1,2,4,5,1,2
1321,9,4,UL,3,3,4,5,1,2,4,5,1,2
1322,9,4,UL,3,3,4,5,1,2,4,5,1,2
1323,9,4,UL,3,4,5,1,2,3,4,5,1,2
1324,9,4,UL,3,4,5,1,2,3,4,5,1,2
1325,9,4,UL,3,4,5,1,2,3,4,5,1,2
1326,9,4,UL,3,4,5,1,2,3,4,5,1,2
1327,9,4,UL,3,4,5,1,2,3,4,5,1,2
1328,9,4,UL,3,4,5,1,2,3,4,5,1,2
1329,9,4,UL,3,4,5,1,2,3,4,5,1,2
1330,9,5,DL,1,1,5,5,2,2,3,4,3,4
1331,9,5,DL,1,1,5,5,2,2,3,4,3,4
1332,9,5,DL,1,1,5,5,2,2,3,4,3,4
1333,9,5,DL,1,1,5,5,2,2,3,4,3,4
1334,9,5,DL,1,1,5,5,2,2,3,4,3,4
1335,9,5,DL,1,1,5,5,2,2,3,4,3,4
1336,9,5,DL,1,1,5,5,2,2,3,4,3,4
1337,9,5,DL,5,1,2,3,4,5,1,2,3,4
1338,9,5,DL,5,1,2,3,4,5,1,2,3,4
1339,9,5,DL,5,1,2,3,4,5,1,2,3,4
1340,9,5,DL,5,1,2,3,4,5,1,2,3,4
1341,9,5,DL,5,1,2,3,4,5,1,2,3,4
1342,9,5,DL,5,1,2,3,4,5,1,2,3,4
1343,9,5,DL,5,1,2,3,4,5,1,2,3,4
1344,9,6,DL,5,5,3,3,2,2,4,4,1,1
1345,9,6,DL,5,5,3,3,2,2,4,4,1,1
1346,9,6,DL,5,5,3,3,2,2,4,4,1,1
1347,9,6,DL,5,5,3,3,2,2,4,4,1,1
1348,9,6,DL,5,5,3,3,2,2,4,4,1,1
1349,9,6,DL,5,5,3,3,2,2,4,4,1,1
1350,9,6,DL,5,5,3,3,2,2,4,4,1,1
1351,9,6,DL,1,1,3,3,4,4,2,2,5,5
1352,9,6,DL,1,1,3,3,4,4,2,2,5,5
1353,9,6,DL,1,1,3,3,4,4,2,2,5,5
1354,9,6,DL,1,1,3,3,4,4,2,2,5,5
1355,9,6,DL,1,1,3,3,4,4,2,2,5,5
1356,9,6,DL,1,1,3,3,4,4,2,2,5,5
1357,9,6,DL,1,1,3,3,4,4,2,2,5,5
1358,9,7,DL,3,3,4,4,5,5,1,1,2,2
1359,9,7,DL,3,3,4,4,5,5,1,1,2,2
1360,9,7,DL,3,3,4,4,5,5,1,1,2,2
1361,9,7,DL,3,3,4,4,5,5,1,1,2,2
1362,9,7,DL,3,3,4,4,5,5,1,1,2,2
1363,9,7,DL,3,3,4,4,5,5,1,1,2,2
1364,9,7,DL,3,3,4,4,5,5,1,1,2,2
1365,9,7,DL,0,0,0,0,0,0,0,0,0,0
1366,9,7,G,0,0,0,0,0,0,0,0,0,0
1367,9,7,G,0,0,0,0,0,0,0,0,0,0
1368,9,7,UL,5,5,5,1,1,1,3,3,3,4
1369,9,7,UL,5,5,5,1,1,1,3,3,3,4
1370,9,7,UL,5,5,5,1,1,1,3,3,3,4
1371,9,7,UL,5,5,5,1,1,1,3,3,3,4
1372,9,8,UL,5,5,4,4,3,3,1,1,2,2
1373,9,8,UL,5,5,4,4,3,3,1,1,2,2
1374,9,8,UL,5,5,4,4,3,3,1,1,2,2
1375,9,8,UL,5,5,4,4,3,3,1,1,2,2
1376,9,8,UL,5,5,4,4,3,3,1,1,2,2
1377,9,8,UL,5,5,4,4,3,3,1,1,2,2
1378,9,8,UL,5,5,4,4,3,3,1,1,2,2
1379,9,8,UL,4,4,1,1,2,2,5,3,5,3
1380,9,8,UL,4,4,1,1,2,2,5,3,5,3
1381,9,8,UL,4,4,1,1,2,2,5,3,5,3
1382,9,8,UL,4,4,1,1,2,2,5,3,5,3
1383,9,8,UL,4,4,1,1,2,2,5,3,5,3
1384,9,8,UL,4,4,1,1,2,2,5,3,5,3
1385,9,8,UL,4,4,1,1,2,2,5,3,5,3
1386,9,9,UL,2,2,4,4,5,1,3,5,1,3
1387,9,9,UL,2,2,4,4,5,1,3,5,1,3
1388,9,9,UL,2,2,4,4,5,1,3,5,1,3
1389,9,9,UL,2,2,4,4,5,1,3,5,1,3
1390,9,9,UL,2,2,4,4,5,1,3,5,1,3
1391,9,9,UL,2,2,4,4,5,1,3,5,1,3
1392,9,9,UL,2,2,4,4,5,1,3,5,1,3
1393,9,9,UL,4,5,1,2,3,4,5,1,2,3
1394,9,9,UL,4,5,1,2,3,4,5,1,2,3
1395,9,9,UL,4,5,1,2,3,4,5,1,2,3
1396,9,9,UL,4,5,1,2,3,4,5,1,2,3
1397,9,9,UL,4,5,1,2,3,4,5,1,2,3
1398,9,9,UL,4,5,1,2,3,4,5,1,2,3
1399,9,9,UL,4,5,1,2,3,4,5,1,2,3
